Feature,Coefficient
Individualism Score,6533.205368026215
Democracy Index,-142697.15860194832
Density (P/Km2),-1764.572993960315
Land Area (Km2),-0.051318478327869545
Urban Population (%),0.0033373991214609576
CPI,-5152.0702624088335
CPI Change (%),5034.521631674535
Life Expectancy,27240.199735492235
Tax revenue (%),-2404.3402980258234
