Country,Distance
Switzerland,0.3102948472738413
Czech Republic,0.34570852569850696
Spain,0.34916465458926804
Finland,0.39289506716545247
Japan,0.4115690279484881
Poland,0.4127771614745457
Estonia,0.4186695431828953
Lithuania,0.41936942346058503
France,0.43884716785005895
Netherlands,0.4526905350050376
