Country,Distance
Canada,0.3964161404569836
Australia,0.5326877266595592
Brazil,0.6743746571808362
Germany,0.6992675519749461
Switzerland,0.7581360441210689
United Kingdom,0.7609920264076856
India,0.7669345754201609
France,0.7721918178050996
Argentina,0.7772593257341047
Poland,0.7778849002273871
