Country,Distance
India,1.357873252317415
Brazil,1.367407220657361
Russia,1.4247241066434901
Mexico,1.4536581385811076
Kazakhstan,1.4605070498462258
Iran,1.4633704284948374
Saudi Arabia,1.4811440600432437
Indonesia,1.4817904413493068
Egypt,1.4853987256017052
Pakistan,1.4919948652367017
